Date,Open,High,Low,Close,Volume,Change,Delta,Change_Ratio,Delta_Ratio,Variance,momentum
2023-06-15,10.5,10.5,10.5,10.5,150,0.0,0.0,0.0,0.0,0.0,-1
2023-06-14,10.77,10.77,10.77,10.77,25,0.0,0.0,0.0,0.0,0.0,-1
2023-06-13,10.77,10.77,10.77,10.77,25,0.0,0.0,0.0,0.0,0.0,-1
2023-06-12,10.77,10.77,10.77,10.77,0,0.0,0.0,0.0,0.0,0.0,-1
2023-06-09,10.77,10.77,10.77,10.77,0,0.0,0.0,0.0,0.0,0.0,-1
2023-06-08,10.5,10.77,10.5,10.77,700,0.27,0.27,2.51,2.51,0.13,1
2023-06-07,10.19,10.19,10.19,10.19,0,0.0,0.0,0.0,0.0,0.0,-1
2023-06-06,10.19,10.19,10.19,10.19,100,0.0,0.0,0.0,0.0,0.0,-1
2023-06-05,10.1,10.4,10.1,10.4,600,0.3,0.3,2.88,2.88,0.15,-1
2023-06-02,10.7,10.7,10.7,10.7,0,0.0,0.0,0.0,0.0,0.0,-1
2023-06-01,10.22,10.7,10.0,10.7,874,0.48,0.7,4.49,6.54,0.35,1
2023-05-31,10.5,10.5,10.5,10.5,0,0.0,0.0,0.0,0.0,0.0,-1
2023-05-30,10.36,10.5,10.36,10.5,2000,0.14,0.14,1.33,1.33,0.07,1
2023-05-26,10.2,10.4,10.2,10.4,1900,0.2,0.2,1.92,1.92,0.1,-1
2023-05-25,10.67,10.67,10.67,10.67,0,0.0,0.0,0.0,0.0,0.0,-1
2023-05-24,10.67,10.67,10.65,10.67,7273,0.0,0.02,0.0,0.19,0.01,1
2023-05-23,10.65,10.66,10.65,10.66,7916,0.01,0.01,0.09,0.09,0.0,1
2023-05-22,10.61,10.61,10.61,10.61,1011,0.0,0.0,0.0,0.0,0.0,-1
2023-05-19,10.67,10.67,10.67,10.67,200,0.0,0.0,0.0,0.0,0.0,1
2023-05-18,10.6,10.6,10.6,10.6,20608,0.0,0.0,0.0,0.0,0.0,-1
2023-05-17,10.6,10.6,10.6,10.6,2,0.0,0.0,0.0,0.0,0.0,-1
2023-05-16,10.64,10.64,10.6,10.6,1960,-0.04,0.04,-0.38,0.38,0.02,-1
2023-05-15,10.56,10.6,10.56,10.6,355093,0.04,0.04,0.38,0.42,0.02,-1
2023-05-12,10.64,11.06,10.6,10.6,1701,-0.04,0.46,-0.38,4.34,0.23,-1
2023-05-11,10.6,10.6,10.6,10.6,0,0.0,0.0,0.0,0.0,0.0,-1
2023-05-10,10.6,10.6,10.6,10.6,0,0.0,0.0,0.0,0.0,0.0,-1
2023-05-09,10.6,10.6,10.6,10.6,0,0.0,0.0,0.0,0.0,0.0,-1
2023-05-08,10.49,10.6,10.49,10.6,1100,0.11,0.11,1.04,1.04,0.05,-1
2023-05-05,10.57,10.62,10.53,10.62,1100,0.05,0.09,0.47,0.85,0.04,1
2023-05-04,10.52,10.52,10.52,10.52,0,0.0,0.0,0.0,0.0,0.0,-1
2023-05-03,10.56,10.56,10.52,10.52,600,-0.04,0.04,-0.38,0.38,0.02,-1
2023-05-02,10.53,10.53,10.53,10.53,0,0.0,0.0,0.0,0.0,0.0,-1
2023-05-01,10.53,10.53,10.53,10.53,0,0.0,0.0,0.0,0.0,0.0,-1
2023-04-28,10.53,10.53,10.53,10.53,0,0.0,0.0,0.0,0.0,0.0,-1
2023-04-27,10.53,10.53,10.53,10.53,0,0.0,0.0,0.0,0.0,0.0,-1
2023-04-26,10.53,10.53,10.53,10.53,3,0.0,0.0,0.0,0.0,0.0,-1
2023-04-25,10.57,10.58,10.53,10.53,1800,-0.04,0.05,-0.38,0.47,0.03,-1
2023-04-24,10.57,10.57,10.57,10.57,0,0.0,0.0,0.0,0.0,0.0,-1
2023-04-21,10.54,10.57,10.54,10.57,7321,0.03,0.03,0.28,0.29,0.02,1
2023-04-20,10.52,10.53,10.51,10.51,80822,-0.01,0.02,-0.1,0.19,0.01,-1
2023-04-19,10.52,10.52,10.52,10.52,0,0.0,0.0,0.0,0.0,0.0,-1
2023-04-18,10.52,10.52,10.52,10.52,0,0.0,0.0,0.0,0.0,0.0,-1
2023-04-17,10.57,10.57,10.52,10.52,200,-0.05,0.05,-0.48,0.48,0.03,-1
2023-04-14,10.53,10.53,10.53,10.53,0,0.0,0.0,0.0,0.0,0.0,-1
2023-04-13,10.53,10.53,10.53,10.53,0,0.0,0.0,0.0,0.0,0.0,-1
2023-04-12,10.53,10.53,10.53,10.53,0,0.0,0.0,0.0,0.0,0.0,-1
2023-04-11,10.53,10.53,10.53,10.53,0,0.0,0.0,0.0,0.0,0.0,-1
2023-04-10,10.53,10.53,10.53,10.53,0,0.0,0.0,0.0,0.0,0.0,-1
2023-04-06,10.53,10.55,10.46,10.53,2742,0.0,0.09,0.0,0.85,0.04,-1
2023-04-05,10.6,10.6,10.6,10.6,222,0.0,0.0,0.0,0.0,0.0,1
2023-04-04,10.45,10.45,10.45,10.45,0,0.0,0.0,0.0,0.0,0.0,-1
2023-04-03,10.45,10.45,10.45,10.45,50,0.0,0.0,0.0,0.0,0.0,-1
2023-03-31,10.95,10.95,10.43,10.45,48759,-0.5,0.52,-4.78,4.98,0.26,-1
2023-03-30,11.53,11.53,11.53,11.53,0,0.0,0.0,0.0,0.0,0.0,-1
2023-03-29,11.53,11.53,11.53,11.53,117,0.0,0.0,0.0,0.0,0.0,1
2023-03-28,11.47,11.47,11.47,11.47,124,0.0,0.0,0.0,0.0,0.0,1
2023-03-27,10.41,11.45,10.41,11.45,232,1.04,1.04,9.08,9.08,0.52,-1
2023-03-24,11.49,11.49,11.49,11.49,142,0.0,0.0,0.0,0.0,0.0,-1
2023-03-23,11.5,11.5,11.5,11.5,153,0.0,0.0,0.0,0.0,0.0,1
2023-03-22,10.45,10.45,10.45,10.45,166,0.0,0.0,0.0,0.0,0.0,-1
2023-03-21,10.45,10.45,10.45,10.45,198,0.0,0.0,0.0,0.0,0.0,-1
2023-03-20,10.45,10.45,10.45,10.45,201,0.0,0.0,0.0,0.0,0.0,-1
2023-03-17,10.43,10.49,10.38,10.49,1130,0.06,0.11,0.57,1.05,0.05,-1
2023-03-16,10.52,10.52,10.52,10.52,293,0.0,0.0,0.0,0.0,0.0,1
2023-03-15,10.43,10.5,10.43,10.5,3169,0.07,0.07,0.67,0.67,0.04,1
2023-03-14,10.45,10.45,10.45,10.45,263,0.0,0.0,0.0,0.0,0.0,1
2023-03-13,10.4,10.4,10.4,10.4,312,0.0,0.0,0.0,0.0,0.0,-1
2023-03-10,11.42,11.42,11.42,11.42,386,0.0,0.0,0.0,0.0,0.0,1
2023-03-09,10.39,10.39,10.39,10.39,0,0.0,0.0,0.0,0.0,0.0,-1
2023-03-08,10.39,10.39,10.39,10.39,0,0.0,0.0,0.0,0.0,0.0,-1
2023-03-07,10.41,10.99,10.31,10.39,2513,-0.02,0.68,-0.21,6.53,0.34,-1
2023-03-06,10.35,10.41,10.35,10.4,17563,0.05,0.06,0.48,0.58,0.03,1
2023-03-03,10.3,10.35,10.3,10.35,10600,0.05,0.05,0.48,0.48,0.02,1
2023-03-02,10.29,10.29,10.29,10.29,0,0.0,0.0,0.0,0.0,0.0,-1
2023-03-01,10.29,10.29,10.29,10.29,0,0.0,0.0,0.0,0.0,0.0,-1
2023-02-28,10.29,10.29,10.29,10.29,0,0.0,0.0,0.0,0.0,0.0,-1
2023-02-27,10.29,10.29,10.29,10.29,0,0.0,0.0,0.0,0.0,0.0,-1
2023-02-24,10.29,10.29,10.29,10.29,0,0.0,0.0,0.0,0.0,0.0,-1
2023-02-23,10.29,10.29,10.29,10.29,50,0.0,0.0,0.0,0.0,0.0,-1
2023-02-22,10.29,10.29,10.29,10.29,0,0.0,0.0,0.0,0.0,0.0,-1
2023-02-21,10.29,10.29,10.29,10.29,0,0.0,0.0,0.0,0.0,0.0,-1
2023-02-17,10.29,10.29,10.29,10.29,0,0.0,0.0,0.0,0.0,0.0,-1
2023-02-16,10.29,10.29,10.29,10.29,0,0.0,0.0,0.0,0.0,0.0,-1
2023-02-15,10.29,10.29,10.29,10.29,0,0.0,0.0,0.0,0.0,0.0,-1
2023-02-14,10.29,10.29,10.29,10.29,217,0.0,0.0,0.0,0.0,0.0,1
2023-02-13,10.23,10.23,10.23,10.23,0,0.0,0.0,0.0,0.0,0.0,-1
2023-02-10,10.23,10.23,10.23,10.23,0,0.0,0.0,0.0,0.0,0.0,-1
2023-02-09,10.23,10.23,10.23,10.23,0,0.0,0.0,0.0,0.0,0.0,-1
2023-02-08,10.23,10.23,10.23,10.23,0,0.0,0.0,0.0,0.0,0.0,-1
2023-02-07,10.23,10.23,10.23,10.23,0,0.0,0.0,0.0,0.0,0.0,-1
2023-02-06,10.23,10.23,10.23,10.23,0,0.0,0.0,0.0,0.0,0.0,-1
2023-02-03,10.23,10.23,10.23,10.23,0,0.0,0.0,0.0,0.0,0.0,-1
2023-02-02,10.23,10.23,10.23,10.23,0,0.0,0.0,0.0,0.0,0.0,-1
2023-02-01,10.23,10.23,10.23,10.23,0,0.0,0.0,0.0,0.0,0.0,-1
2023-01-31,10.23,10.23,10.23,10.23,0,0.0,0.0,0.0,0.0,0.0,-1
2023-01-30,10.23,10.23,10.23,10.23,0,0.0,0.0,0.0,0.0,0.0,-1
2023-01-27,10.23,10.23,10.23,10.23,0,0.0,0.0,0.0,0.0,0.0,-1
2023-01-26,10.23,10.23,10.23,10.23,0,0.0,0.0,0.0,0.0,0.0,-1
2023-01-25,10.68,10.68,10.23,10.23,1706,-0.45,0.45,-4.4,4.4,0.22,1
2023-01-24,10.15,10.15,10.15,10.15,0,0.0,0.0,0.0,0.0,0.0,-1
2023-01-23,10.15,10.15,10.15,10.15,0,0.0,0.0,0.0,0.0,0.0,-1
2023-01-20,10.15,10.15,10.15,10.15,0,0.0,0.0,0.0,0.0,0.0,-1
2023-01-19,10.15,10.15,10.15,10.15,0,0.0,0.0,0.0,0.0,0.0,-1
2023-01-18,10.15,10.15,10.15,10.15,0,0.0,0.0,0.0,0.0,0.0,-1
2023-01-17,10.15,10.15,10.15,10.15,0,0.0,0.0,0.0,0.0,0.0,-1
2023-01-13,10.15,10.15,10.15,10.15,0,0.0,0.0,0.0,0.0,0.0,-1
2023-01-12,10.15,10.15,10.15,10.15,290,0.0,0.0,0.0,0.0,0.0,-1
2023-01-11,10.15,10.15,10.15,10.15,0,0.0,0.0,0.0,0.0,0.0,-1
2023-01-10,10.15,10.15,10.15,10.15,0,0.0,0.0,0.0,0.0,0.0,-1
2023-01-09,10.15,10.15,10.15,10.15,0,0.0,0.0,0.0,0.0,0.0,-1
2023-01-06,10.15,10.15,10.15,10.15,0,0.0,0.0,0.0,0.0,0.0,-1
2023-01-05,10.15,10.15,10.15,10.15,0,0.0,0.0,0.0,0.0,0.0,-1
2023-01-04,10.15,10.15,10.15,10.15,0,0.0,0.0,0.0,0.0,0.0,-1
2023-01-03,10.15,10.15,10.15,10.15,0,0.0,0.0,0.0,0.0,0.0,-1
2022-12-30,10.15,10.15,10.15,10.15,0,0.0,0.0,0.0,0.0,0.0,-1
2022-12-29,10.15,10.15,10.15,10.15,0,0.0,0.0,0.0,0.0,0.0,-1
2022-12-28,10.15,10.15,10.15,10.15,0,0.0,0.0,0.0,0.0,0.0,-1
2022-12-27,10.15,10.15,10.15,10.15,0,0.0,0.0,0.0,0.0,0.0,-1
2022-12-23,10.15,10.15,10.15,10.15,0,0.0,0.0,0.0,0.0,0.0,-1
2022-12-22,10.15,10.15,10.15,10.15,0,0.0,0.0,0.0,0.0,0.0,-1
2022-12-21,10.15,10.15,10.15,10.15,0,0.0,0.0,0.0,0.0,0.0,-1
2022-12-20,10.15,10.15,10.15,10.15,0,0.0,0.0,0.0,0.0,0.0,-1
2022-12-19,10.15,10.15,10.15,10.15,0,0.0,0.0,0.0,0.0,0.0,-1
2022-12-16,10.15,10.15,10.15,10.15,0,0.0,0.0,0.0,0.0,0.0,-1
2022-12-15,10.15,10.15,10.15,10.15,0,0.0,0.0,0.0,0.0,0.0,-1
2022-12-14,10.15,10.15,10.15,10.15,0,0.0,0.0,0.0,0.0,0.0,-1
2022-12-13,10.15,10.15,10.15,10.15,102,0.0,0.0,0.0,0.0,0.0,1
2022-12-12,10.53,10.53,10.12,10.12,2051,-0.41,0.41,-4.05,4.05,0.21,1
2022-12-09,9.63,9.63,9.63,9.63,0,0.0,0.0,0.0,0.0,0.0,-1
2022-12-08,9.63,9.63,9.63,9.63,0,0.0,0.0,0.0,0.0,0.0,-1
2022-12-07,9.63,9.63,9.63,9.63,0,0.0,0.0,0.0,0.0,0.0,-1
2022-12-06,9.63,9.63,9.63,9.63,0,0.0,0.0,0.0,0.0,0.0,-1
2022-12-05,9.63,9.63,9.63,9.63,75,0.0,0.0,0.0,0.0,0.0,-1
2022-12-02,9.63,9.63,9.63,9.63,0,0.0,0.0,0.0,0.0,0.0,-1
2022-12-01,9.63,9.63,9.63,9.63,0,0.0,0.0,0.0,0.0,0.0,-1
2022-11-30,9.63,9.63,9.63,9.63,0,0.0,0.0,0.0,0.0,0.0,-1
2022-11-29,9.63,9.63,9.63,9.63,0,0.0,0.0,0.0,0.0,0.0,-1
2022-11-28,9.63,9.63,9.63,9.63,0,0.0,0.0,0.0,0.0,0.0,-1
2022-11-25,9.63,9.63,9.63,9.63,100,0.0,0.0,0.0,0.0,0.0,-1
2022-11-23,9.95,9.95,9.95,9.95,0,0.0,0.0,0.0,0.0,0.0,-1
2022-11-22,9.95,9.95,9.95,9.95,0,0.0,0.0,0.0,0.0,0.0,-1
2022-11-21,9.95,9.95,9.95,9.95,50,0.0,0.0,0.0,0.0,0.0,-1
2022-11-18,9.95,9.95,9.95,9.95,0,0.0,0.0,0.0,0.0,0.0,-1
2022-11-17,9.95,9.95,9.95,9.95,0,0.0,0.0,0.0,0.0,0.0,-1
2022-11-16,9.95,9.95,9.95,9.95,0,0.0,0.0,0.0,0.0,0.0,-1
2022-11-15,9.95,9.95,9.95,9.95,0,0.0,0.0,0.0,0.0,0.0,-1
2022-11-14,9.95,9.95,9.95,9.95,0,0.0,0.0,0.0,0.0,0.0,-1
2022-11-11,9.95,9.95,9.95,9.95,39,0.0,0.0,0.0,0.0,0.0,-1
2022-11-10,9.95,9.95,9.95,9.95,0,0.0,0.0,0.0,0.0,0.0,-1
2022-11-09,9.95,9.95,9.95,9.95,0,0.0,0.0,0.0,0.0,0.0,-1
2022-11-08,9.95,9.95,9.95,9.95,0,0.0,0.0,0.0,0.0,0.0,-1
2022-11-07,9.95,9.95,9.95,9.95,100,0.0,0.0,0.0,0.0,0.0,-1
2022-11-04,9.97,9.97,9.97,9.97,100,0.0,0.0,0.0,0.0,0.0,1
2022-11-03,9.91,9.91,9.91,9.91,0,0.0,0.0,0.0,0.0,0.0,-1
2022-11-02,9.91,9.91,9.91,9.91,0,0.0,0.0,0.0,0.0,0.0,-1
2022-11-01,9.91,9.91,9.91,9.91,0,0.0,0.0,0.0,0.0,0.0,-1
2022-10-31,9.91,9.91,9.91,9.91,0,0.0,0.0,0.0,0.0,0.0,-1
2022-10-28,9.91,9.91,9.91,9.91,300,0.0,0.0,0.0,0.0,0.0,1
2022-10-27,10.03,10.03,9.89,9.89,900,-0.14,0.14,-1.45,1.45,0.07,-1
2022-10-26,9.92,9.92,9.92,9.92,1206,0.0,0.0,0.0,0.0,0.0,1
2022-10-25,9.9,9.9,9.9,9.9,120,0.0,0.0,0.0,0.0,0.0,1
2022-10-24,9.89,9.89,9.89,9.89,0,0.0,0.0,0.0,0.0,0.0,-1
2022-10-21,9.89,9.89,9.89,9.89,120,0.0,0.0,0.0,0.0,0.0,-1
2022-10-20,9.9,9.9,9.9,9.9,400,0.0,0.0,0.0,0.0,0.0,-1
2022-10-19,9.9,9.9,9.9,9.9,0,0.0,0.0,0.0,0.0,0.0,-1
2022-10-18,9.9,9.9,9.9,9.9,0,0.0,0.0,0.0,0.0,0.0,-1
2022-10-17,9.9,9.9,9.9,9.9,0,0.0,0.0,0.0,0.0,0.0,-1
2022-10-14,9.9,9.9,9.9,9.9,0,0.0,0.0,0.0,0.0,0.0,-1
2022-10-13,9.9,9.9,9.9,9.9,0,0.0,0.0,0.0,0.0,0.0,-1
2022-10-12,9.9,9.9,9.9,9.9,0,0.0,0.0,0.0,0.0,0.0,-1
2022-10-11,9.9,9.9,9.9,9.9,0,0.0,0.0,0.0,0.0,0.0,-1
2022-10-10,9.9,9.9,9.9,9.9,0,0.0,0.0,0.0,0.0,0.0,-1
2022-10-07,9.9,9.9,9.9,9.9,200,0.0,0.0,0.0,0.0,0.0,1
2022-10-06,9.87,9.87,9.87,9.87,0,0.0,0.0,0.0,0.0,0.0,-1
2022-10-05,9.87,9.87,9.87,9.87,0,0.0,0.0,0.0,0.0,0.0,-1
2022-10-04,9.87,9.87,9.87,9.87,80,0.0,0.0,0.0,0.0,0.0,-1
2022-10-03,9.87,9.91,9.86,9.87,5416,0.0,0.05,0.0,0.51,0.03,-1
2022-09-30,9.87,9.87,9.87,9.87,0,0.0,0.0,0.0,0.0,0.0,-1
2022-09-29,9.87,9.87,9.87,9.87,0,0.0,0.0,0.0,0.0,0.0,-1
2022-09-28,9.85,9.87,9.85,9.87,200,0.02,0.02,0.2,0.2,0.01,-1
2022-09-27,9.88,9.88,9.88,9.88,0,0.0,0.0,0.0,0.0,0.0,-1
2022-09-26,9.88,9.88,9.88,9.88,9168,0.0,0.0,0.0,0.0,0.0,-1
2022-09-23,9.89,9.89,9.88,9.88,53600,-0.01,0.01,-0.1,0.1,0.0,-1
2022-09-22,9.89,9.89,9.87,9.89,28300,0.0,0.02,0.0,0.2,0.01,-1
2022-09-21,9.89,9.89,9.89,9.89,0,0.0,0.0,0.0,0.0,0.0,-1
2022-09-20,9.89,9.89,9.89,9.89,0,0.0,0.0,0.0,0.0,0.0,-1
2022-09-19,9.88,9.89,9.88,9.89,5372,0.01,0.01,0.1,0.1,0.0,1
2022-09-16,9.89,9.9,9.88,9.88,6200,-0.01,0.02,-0.1,0.2,0.01,-1
2022-09-15,9.91,9.91,9.91,9.91,0,0.0,0.0,0.0,0.0,0.0,-1
2022-09-14,9.89,9.91,9.88,9.91,29480,0.02,0.04,0.2,0.35,0.02,1
2022-09-13,9.89,9.89,9.89,9.89,626,0.0,0.0,0.0,0.0,0.0,-1
2022-09-12,9.89,9.93,9.88,9.89,195030,0.0,0.05,0.0,0.51,0.02,-1
2022-09-09,9.94,9.94,9.94,9.94,0,0.0,0.0,0.0,0.0,0.0,-1
2022-09-08,9.94,9.94,9.94,9.94,0,0.0,0.0,0.0,0.0,0.0,-1
2022-09-07,9.94,9.94,9.94,9.94,0,0.0,0.0,0.0,0.0,0.0,-1
2022-09-06,9.94,9.94,9.94,9.94,0,0.0,0.0,0.0,0.0,0.0,-1
2022-09-02,9.94,9.94,9.94,9.94,0,0.0,0.0,0.0,0.0,0.0,-1
2022-09-01,9.94,9.94,9.94,9.94,0,0.0,0.0,0.0,0.0,0.0,-1
2022-08-31,9.94,9.94,9.94,9.94,0,0.0,0.0,0.0,0.0,0.0,-1
2022-08-30,9.94,9.94,9.94,9.94,0,0.0,0.0,0.0,0.0,0.0,-1
2022-08-29,9.94,9.94,9.94,9.94,100,0.0,0.0,0.0,0.0,0.0,1
2022-08-26,9.92,9.92,9.92,9.92,0,0.0,0.0,0.0,0.0,0.0,-1
2022-08-25,9.92,9.92,9.92,9.92,550,0.0,0.0,0.0,0.0,0.0,1
2022-08-24,9.83,9.91,9.83,9.91,308,0.08,0.08,0.86,0.86,0.04,-1
2022-08-23,9.95,9.95,9.95,9.95,0,0.0,0.0,0.0,0.0,0.0,-1
2022-08-22,9.95,9.95,9.95,9.95,1860,0.0,0.0,0.0,0.0,0.0,-1
2022-08-19,9.95,9.95,9.94,9.95,5870,0.0,0.01,0.0,0.1,0.0,-1
2022-08-18,9.95,9.95,9.95,9.95,0,0.0,0.0,0.0,0.0,0.0,-1
2022-08-17,9.95,9.95,9.95,9.95,3680,0.0,0.0,0.0,0.0,0.0,-1
2022-08-16,9.95,9.95,9.95,9.95,0,0.0,0.0,0.0,0.0,0.0,-1
2022-08-15,9.95,9.95,9.95,9.95,660,0.0,0.0,0.0,0.0,0.0,-1
2022-08-12,9.95,9.95,9.95,9.95,1872,0.0,0.0,0.0,0.0,0.0,-1
2022-08-11,9.95,9.95,9.95,9.95,6826,0.0,0.0,0.0,0.0,0.0,-1
2022-08-10,9.94,9.95,9.94,9.95,1100,0.01,0.01,0.1,0.1,0.0,-1
2022-08-09,9.95,9.95,9.95,9.95,0,0.0,0.0,0.0,0.0,0.0,-1
2022-08-08,9.95,9.95,9.95,9.95,400,0.0,0.0,0.0,0.0,0.0,1
2022-08-05,9.92,9.92,9.92,9.92,0,0.0,0.0,0.0,0.0,0.0,-1
2022-08-04,9.92,9.92,9.92,9.92,0,0.0,0.0,0.0,0.0,0.0,-1
2022-08-03,9.92,9.92,9.92,9.92,0,0.0,0.0,0.0,0.0,0.0,-1
2022-08-02,9.92,9.92,9.92,9.92,0,0.0,0.0,0.0,0.0,0.0,-1
2022-08-01,9.82,9.95,9.82,9.92,2081,0.1,0.13,1.01,1.31,0.06,-1
2022-07-29,9.93,9.93,9.93,9.93,777,0.0,0.0,0.0,0.0,0.0,-1
2022-07-28,9.95,9.95,9.95,9.95,0,0.0,0.0,0.0,0.0,0.0,-1
2022-07-27,9.95,9.95,9.95,9.95,0,0.0,0.0,0.0,0.0,0.0,-1
2022-07-26,9.95,9.95,9.95,9.95,0,0.0,0.0,0.0,0.0,0.0,-1
2022-07-25,9.95,9.95,9.95,9.95,0,0.0,0.0,0.0,0.0,0.0,-1
2022-07-22,9.95,9.95,9.95,9.95,0,0.0,0.0,0.0,0.0,0.0,-1
2022-07-21,9.95,9.95,9.95,9.95,349,0.0,0.0,0.0,0.0,0.0,-1
2022-07-20,9.95,9.95,9.95,9.95,362,0.0,0.0,0.0,0.0,0.0,-1
2022-07-19,9.95,9.95,9.95,9.95,349,0.0,0.0,0.0,0.0,0.0,-1
2022-07-18,9.95,9.95,9.95,9.95,351,0.0,0.0,0.0,0.0,0.0,-1
2022-07-15,9.95,9.95,9.95,9.95,204,0.0,0.0,0.0,0.0,0.0,-1
2022-07-14,9.95,9.95,9.95,9.95,101,0.0,0.0,0.0,0.0,0.0,-1
2022-07-13,9.95,9.95,9.95,9.95,0,0.0,0.0,0.0,0.0,0.0,-1
2022-07-12,9.95,9.95,9.95,9.95,0,0.0,0.0,0.0,0.0,0.0,-1
2022-07-11,10.0,10.0,9.95,9.95,452,-0.05,0.05,-0.5,0.5,0.03,-1
2022-07-08,10.0,10.0,10.0,10.0,251,0.0,0.0,0.0,0.0,0.0,-1
2022-07-07,10.0,10.0,10.0,10.0,100,0.0,0.0,0.0,0.0,0.0,-1
2022-07-06,10.0,10.0,10.0,10.0,0,0.0,0.0,0.0,0.0,0.0,-1
2022-07-05,10.0,10.0,10.0,10.0,0,0.0,0.0,0.0,0.0,0.0,-1
2022-07-01,10.0,10.0,10.0,10.0,200,0.0,0.0,0.0,0.0,0.0,-1
2022-06-30,10.1,10.1,10.1,10.1,0,0.0,0.0,0.0,0.0,0.0,-1
2022-06-29,10.1,10.1,10.1,10.1,0,0.0,0.0,0.0,0.0,0.0,-1
2022-06-28,10.1,10.1,10.1,10.1,1,0.0,0.0,0.0,0.0,0.0,-1
2022-06-27,10.1,10.1,10.1,10.1,1184,0.0,0.0,0.0,0.0,0.0,1
2022-06-24,10.04,10.04,10.04,10.04,0,0.0,0.0,0.0,0.0,0.0,-1
2022-06-23,10.04,10.04,10.04,10.04,0,0.0,0.0,0.0,0.0,0.0,-1
2022-06-22,10.05,10.05,10.04,10.04,803,-0.01,0.01,-0.1,0.1,0.01,-1
2022-06-21,10.15,10.15,10.15,10.15,180,0.0,0.0,0.0,0.0,0.0,-1
2022-06-17,10.15,10.15,10.15,10.15,0,0.0,0.0,0.0,0.0,0.0,-1
2022-06-16,10.15,10.15,10.15,10.15,409,0.0,0.0,0.0,0.0,0.0,1
2022-06-15,9.99,9.99,9.99,9.99,63,0.0,0.0,0.0,0.0,0.0,-1
2022-06-14,9.99,9.99,9.99,9.99,227,0.0,0.0,0.0,0.0,0.0,-1
2022-06-13,10.06,10.06,10.06,10.06,0,0.0,0.0,0.0,0.0,0.0,-1
2022-06-10,10.06,10.06,10.06,10.06,0,0.0,0.0,0.0,0.0,0.0,-1
2022-06-09,10.06,10.06,10.06,10.06,0,0.0,0.0,0.0,0.0,0.0,-1
2022-06-08,10.06,10.06,10.06,10.06,22,0.0,0.0,0.0,0.0,0.0,-1
2022-06-07,10.05,10.06,10.05,10.06,4977,0.01,0.01,0.1,0.1,0.0,1
2022-06-06,9.94,9.94,9.94,9.94,0,0.0,0.0,0.0,0.0,0.0,-1
2022-06-03,9.94,9.94,9.94,9.94,0,0.0,0.0,0.0,0.0,0.0,-1
2022-06-02,9.94,9.94,9.94,9.94,0,0.0,0.0,0.0,0.0,0.0,-1
2022-06-01,9.94,9.94,9.94,9.94,0,0.0,0.0,0.0,0.0,0.0,-1
2022-05-31,9.94,9.94,9.94,9.94,0,0.0,0.0,0.0,0.0,0.0,-1
2022-05-27,9.94,9.94,9.94,9.94,0,0.0,0.0,0.0,0.0,0.0,-1
2022-05-26,9.94,9.94,9.94,9.94,180,0.0,0.0,0.0,0.0,0.0,-1
2022-05-25,9.94,9.94,9.94,9.94,130,0.0,0.0,0.0,0.0,0.0,1
2022-05-24,9.9,9.9,9.9,9.9,0,0.0,0.0,0.0,0.0,0.0,-1
2022-05-23,9.9,9.9,9.9,9.9,0,0.0,0.0,0.0,0.0,0.0,-1
2022-05-20,9.9,9.9,9.9,9.9,0,0.0,0.0,0.0,0.0,0.0,-1
2022-05-19,9.9,9.9,9.9,9.9,100,0.0,0.0,0.0,0.0,0.0,-1
2022-05-18,9.72,9.9,9.72,9.9,541,0.18,0.18,1.82,1.82,0.09,-1
2022-05-17,9.91,9.91,9.91,9.91,0,0.0,0.0,0.0,0.0,0.0,-1
2022-05-16,9.91,9.91,9.91,9.91,0,0.0,0.0,0.0,0.0,0.0,-1
2022-05-13,9.91,9.91,9.91,9.91,0,0.0,0.0,0.0,0.0,0.0,-1
2022-05-12,9.91,9.91,9.91,9.91,0,0.0,0.0,0.0,0.0,0.0,-1
2022-05-11,9.91,9.91,9.91,9.91,201,0.0,0.0,0.0,0.0,0.0,-1
2022-05-10,10.4,10.4,10.4,10.4,3,0.0,0.0,0.0,0.0,0.0,-1
2022-05-09,10.4,10.4,10.4,10.4,284,0.0,0.0,0.0,0.0,0.0,1
2022-05-06,10.3,10.3,10.3,10.3,0,0.0,0.0,0.0,0.0,0.0,-1
2022-05-05,10.3,10.3,10.3,10.3,0,0.0,0.0,0.0,0.0,0.0,-1
2022-05-04,10.3,10.3,10.3,10.3,0,0.0,0.0,0.0,0.0,0.0,-1
2022-05-03,10.3,10.3,10.3,10.3,0,0.0,0.0,0.0,0.0,0.0,-1
2022-05-02,10.3,10.3,10.3,10.3,1000,0.0,0.0,0.0,0.0,0.0,1
2022-04-29,10.29,10.29,10.29,10.29,2302,0.0,0.0,0.0,0.0,0.0,-1
2022-04-28,10.29,10.29,10.29,10.29,0,0.0,0.0,0.0,0.0,0.0,-1
2022-04-27,10.31,10.35,10.29,10.29,2717,-0.02,0.06,-0.19,0.58,0.03,-1
2022-04-26,10.3,10.35,10.29,10.33,1200,0.03,0.06,0.29,0.58,0.03,-1
2022-04-25,10.35,10.42,10.31,10.4,1700,0.05,0.11,0.48,1.06,0.05,1
2022-04-22,10.39,10.39,10.39,10.39,0,0.0,0.0,0.0,0.0,0.0,-1
2022-04-21,10.39,10.39,10.39,10.39,0,0.0,0.0,0.0,0.0,0.0,-1
2022-04-20,10.39,10.4,10.35,10.39,4700,0.0,0.05,0.0,0.48,0.03,-1
2022-04-19,10.4,10.4,10.4,10.4,0,0.0,0.0,0.0,0.0,0.0,-1
2022-04-18,10.4,10.4,10.4,10.4,0,0.0,0.0,0.0,0.0,0.0,-1
2022-04-14,10.4,10.4,10.4,10.4,0,0.0,0.0,0.0,0.0,0.0,-1
2022-04-13,10.4,10.4,10.4,10.4,4000,0.0,0.0,0.0,0.0,0.0,1
2022-04-12,10.24,10.24,10.24,10.24,0,0.0,0.0,0.0,0.0,0.0,-1
2022-04-11,10.24,10.24,10.24,10.24,0,0.0,0.0,0.0,0.0,0.0,-1
2022-04-08,10.24,10.24,10.24,10.24,0,0.0,0.0,0.0,0.0,0.0,-1
2022-04-07,10.24,10.24,10.24,10.24,0,0.0,0.0,0.0,0.0,0.0,-1
2022-04-06,10.24,10.24,10.24,10.24,0,0.0,0.0,0.0,0.0,0.0,-1
2022-04-05,10.24,10.24,10.24,10.24,0,0.0,0.0,0.0,0.0,0.0,-1
2022-04-04,10.24,10.24,10.24,10.24,0,0.0,0.0,0.0,0.0,0.0,-1
2022-04-01,10.24,10.24,10.24,10.24,0,0.0,0.0,0.0,0.0,0.0,-1
2022-03-31,10.26,10.26,10.24,10.24,3002,-0.02,0.02,-0.2,0.2,0.01,1
2022-03-30,10.22,10.22,10.22,10.22,0,0.0,0.0,0.0,0.0,0.0,-1
2022-03-29,10.17,10.23,10.17,10.22,800,0.05,0.06,0.49,0.59,0.03,-1
2022-03-28,10.29,10.29,10.29,10.29,0,0.0,0.0,0.0,0.0,0.0,-1
2022-03-25,10.29,10.29,10.29,10.29,0,0.0,0.0,0.0,0.0,0.0,-1
2022-03-24,10.4,10.4,10.29,10.29,627,-0.11,0.11,-1.07,1.07,0.06,-1
2022-03-23,10.29,10.42,10.29,10.41,28621,0.12,0.13,1.15,1.25,0.07,1
2022-03-22,10.26,10.26,10.26,10.26,64,0.0,0.0,0.0,0.0,0.0,-1
2022-03-21,10.19,10.26,10.18,10.26,61793,0.07,0.08,0.68,0.83,0.04,1
2022-03-18,10.15,10.2,10.15,10.2,51957,0.05,0.05,0.49,0.49,0.02,1
2022-03-17,9.99,10.19,9.99,10.15,82566,0.16,0.2,1.56,1.97,0.1,1
2022-03-16,9.77,9.77,9.77,9.77,5800,0.0,0.0,0.0,0.0,0.0,-1
2022-03-15,9.77,9.77,9.77,9.77,0,0.0,0.0,0.0,0.0,0.0,-1
2022-03-14,9.77,9.77,9.77,9.77,0,0.0,0.0,0.0,0.0,0.0,-1
2022-03-11,9.78,9.78,9.77,9.77,4071,-0.01,0.01,-0.1,0.1,0.0,-1
2022-03-10,9.77,9.77,9.77,9.77,0,0.0,0.0,0.0,0.0,0.0,-1
2022-03-09,9.77,9.77,9.77,9.77,2,0.0,0.0,0.0,0.0,0.0,-1
2022-03-08,9.77,9.77,9.77,9.77,0,0.0,0.0,0.0,0.0,0.0,-1
2022-03-07,9.77,9.77,9.77,9.77,3,0.0,0.0,0.0,0.0,0.0,-1
2022-03-04,9.76,9.77,9.73,9.77,43332,0.01,0.04,0.1,0.41,0.02,-1
2022-03-03,9.77,9.77,9.77,9.77,0,0.0,0.0,0.0,0.0,0.0,-1
2022-03-02,9.76,9.77,9.76,9.77,1921,0.01,0.01,0.1,0.1,0.0,-1
2022-03-01,9.77,9.77,9.76,9.77,2096,0.0,0.01,0.0,0.1,0.0,-1
2022-02-28,9.79,9.79,9.79,9.79,4,0.0,0.0,0.0,0.0,0.0,-1
2022-02-25,9.79,9.79,9.79,9.79,0,0.0,0.0,0.0,0.0,0.0,-1
2022-02-24,9.79,9.79,9.79,9.79,0,0.0,0.0,0.0,0.0,0.0,-1
2022-02-23,9.79,9.79,9.79,9.79,0,0.0,0.0,0.0,0.0,0.0,-1
2022-02-22,9.79,9.79,9.79,9.79,0,0.0,0.0,0.0,0.0,0.0,-1
2022-02-18,9.8,9.8,9.78,9.79,7404,-0.01,0.02,-0.1,0.19,0.01,1
2022-02-17,9.78,9.78,9.78,9.78,2,0.0,0.0,0.0,0.0,0.0,-1
2022-02-16,9.78,9.78,9.78,9.78,5127,0.0,0.0,0.0,0.0,0.0,-1
2022-02-15,9.8,9.8,9.8,9.8,0,0.0,0.0,0.0,0.0,0.0,-1
2022-02-14,9.8,9.8,9.8,9.8,0,0.0,0.0,0.0,0.0,0.0,-1
2022-02-11,9.79,9.8,9.79,9.8,6068,0.01,0.01,0.1,0.1,0.01,1
2022-02-10,9.79,9.8,9.79,9.79,8632,0.0,0.01,0.0,0.05,0.0,1
2022-02-09,9.78,9.78,9.78,9.78,0,0.0,0.0,0.0,0.0,0.0,-1
2022-02-08,9.78,9.78,9.78,9.78,2,0.0,0.0,0.0,0.0,0.0,-1
2022-02-07,9.75,9.79,9.75,9.78,170889,0.03,0.04,0.31,0.41,0.02,-1
2022-02-04,9.8,9.8,9.8,9.8,1,0.0,0.0,0.0,0.0,0.0,-1
2022-02-03,9.8,9.8,9.8,9.8,2,0.0,0.0,0.0,0.0,0.0,-1
2022-02-02,9.8,9.8,9.8,9.8,2,0.0,0.0,0.0,0.0,0.0,-1
2022-02-01,9.8,9.8,9.8,9.8,5,0.0,0.0,0.0,0.0,0.0,-1
2022-01-31,9.8,9.8,9.8,9.8,0,0.0,0.0,0.0,0.0,0.0,-1
2022-01-28,9.8,9.8,9.8,9.8,4,0.0,0.0,0.0,0.0,0.0,-1
2022-01-27,9.8,9.8,9.8,9.8,106,0.0,0.0,0.0,0.0,0.0,-1
2022-01-26,9.91,9.91,9.91,9.91,2,0.0,0.0,0.0,0.0,0.0,-1
2022-01-25,9.91,9.91,9.91,9.91,80,0.0,0.0,0.0,0.0,0.0,-1
2022-01-24,9.91,9.91,9.91,9.91,3,0.0,0.0,0.0,0.0,0.0,-1
2022-01-21,9.91,9.91,9.91,9.91,0,0.0,0.0,0.0,0.0,0.0,-1
2022-01-20,9.91,9.91,9.91,9.91,1002,0.0,0.0,0.0,0.0,0.0,-1
2022-01-19,9.98,9.98,9.98,9.98,2,0.0,0.0,0.0,0.0,0.0,-1
2022-01-18,9.98,9.98,9.98,9.98,2,0.0,0.0,0.0,0.0,0.0,-1
2022-01-14,9.98,9.98,9.98,9.98,0,0.0,0.0,0.0,0.0,0.0,-1
2022-01-13,9.98,9.98,9.98,9.98,0,0.0,0.0,0.0,0.0,0.0,-1
2022-01-12,9.97,9.98,9.97,9.98,932,0.01,0.01,0.1,0.1,0.0,-1
2022-01-11,9.98,9.98,9.98,9.98,0,0.0,0.0,0.0,0.0,0.0,-1
2022-01-10,9.98,9.98,9.98,9.98,0,0.0,0.0,0.0,0.0,0.0,-1
2022-01-07,9.92,9.99,9.92,9.98,1509,0.06,0.07,0.6,0.7,0.04,1
2022-01-06,9.96,9.96,9.96,9.96,5,0.0,0.0,0.0,0.0,0.0,-1
2022-01-05,9.96,9.96,9.96,9.96,4,0.0,0.0,0.0,0.0,0.0,-1
2022-01-04,9.96,9.96,9.96,9.96,0,0.0,0.0,0.0,0.0,0.0,-1
2022-01-03,9.96,9.96,9.96,9.96,0,0.0,0.0,0.0,0.0,0.0,-1
2021-12-31,9.96,9.96,9.96,9.96,1,0.0,0.0,0.0,0.0,0.0,-1
2021-12-30,9.96,9.96,9.96,9.96,0,0.0,0.0,0.0,0.0,0.0,-1
2021-12-29,9.96,9.96,9.96,9.96,3,0.0,0.0,0.0,0.0,0.0,-1
2021-12-28,9.96,9.96,9.96,9.96,0,0.0,0.0,0.0,0.0,0.0,-1
2021-12-27,9.96,9.96,9.96,9.96,0,0.0,0.0,0.0,0.0,0.0,-1
2021-12-23,9.96,9.96,9.96,9.96,100,0.0,0.0,0.0,0.0,0.0,-1
2021-12-22,9.96,9.96,9.96,9.96,0,0.0,0.0,0.0,0.0,0.0,-1
2021-12-21,9.96,9.96,9.96,9.96,0,0.0,0.0,0.0,0.0,0.0,-1
2021-12-20,9.96,9.96,9.96,9.96,100,0.0,0.0,0.0,0.0,0.0,-1
2021-12-17,9.96,9.96,9.96,9.96,3,0.0,0.0,0.0,0.0,0.0,-1
2021-12-16,9.96,9.96,9.96,9.96,100,0.0,0.0,0.0,0.0,0.0,-1
2021-12-15,9.91,9.96,9.9,9.96,22010,0.05,0.06,0.5,0.6,0.03,-1
2021-12-14,9.98,9.98,9.98,9.98,100,0.0,0.0,0.0,0.0,0.0,-1
2021-12-13,9.98,9.98,9.98,9.98,100,0.0,0.0,0.0,0.0,0.0,1
2021-12-10,9.97,9.97,9.97,9.97,0,0.0,0.0,0.0,0.0,0.0,-1
2021-12-09,9.97,9.97,9.96,9.97,2578,0.0,0.01,0.0,0.1,0.0,1
2021-12-08,9.76,9.95,9.76,9.95,10909,0.19,0.19,1.91,1.91,0.09,-1
2021-12-07,9.71,9.96,9.71,9.96,10098,0.25,0.25,2.51,2.51,0.12,-1
2021-12-06,9.98,9.98,9.98,9.98,10,0.0,0.0,0.0,0.0,0.0,-1
2021-12-03,9.98,9.98,9.98,9.98,0,0.0,0.0,0.0,0.0,0.0,-1
2021-12-02,9.99,9.99,9.98,9.98,604,-0.01,0.01,-0.1,0.1,0.0,-1
2021-12-01,9.97,9.98,9.97,9.98,739,0.01,0.01,0.1,0.1,0.0,1
2021-11-30,10.0,10.0,9.95,9.95,401,-0.05,0.05,-0.5,0.5,0.03,-1
2021-11-29,10.03,10.03,10.03,10.03,100,0.0,0.0,0.0,0.0,0.0,1
2021-11-26,9.91,9.98,9.9,9.96,5148,0.05,0.08,0.5,0.8,0.04,1
2021-11-24,9.94,9.94,9.94,9.94,0,0.0,0.0,0.0,0.0,0.0,-1
2021-11-23,9.94,9.94,9.94,9.94,0,0.0,0.0,0.0,0.0,0.0,-1
2021-11-22,9.94,9.94,9.94,9.94,3,0.0,0.0,0.0,0.0,0.0,-1
2021-11-19,9.94,9.94,9.94,9.94,0,0.0,0.0,0.0,0.0,0.0,-1
2021-11-18,9.97,9.97,9.94,9.94,302,-0.03,0.03,-0.3,0.3,0.02,1
2021-11-17,9.9,10.03,9.89,9.9,10809,0.0,0.14,0.0,1.41,0.07,-1
2021-11-16,9.98,10.02,9.96,9.97,2701,-0.01,0.06,-0.1,0.6,0.03,-1
2021-11-15,9.99,9.99,9.99,9.99,10,0.0,0.0,0.0,0.0,0.0,-1
2021-11-12,10.0,10.0,9.99,9.99,2178,-0.01,0.01,-0.1,0.1,0.0,-1
2021-11-11,10.1,10.1,10.1,10.1,101,0.0,0.0,0.0,0.0,0.0,1
2021-11-10,9.98,10.09,9.98,10.09,1208,0.12,0.12,1.14,1.14,0.06,1
2021-11-09,9.94,9.94,9.94,9.94,10,0.0,0.0,0.0,0.0,0.0,-1
2021-11-08,9.93,10.02,9.93,9.94,6846,0.01,0.09,0.1,0.91,0.04,-1
2021-11-05,10.75,10.75,10.05,10.05,24233,-0.7,0.7,-6.97,6.97,0.35,-1
2021-11-04,11.0,11.0,10.2,10.2,10307,-0.8,0.8,-7.84,7.84,0.4,1
2021-11-03,10.1,10.15,10.1,10.15,1450,0.05,0.05,0.49,0.49,0.03,1
2021-11-02,10.01,10.1,10.01,10.1,804,0.09,0.09,0.87,0.87,0.04,-1
2021-11-01,10.83,10.99,10.0,10.13,27833,-0.7,0.99,-6.91,9.77,0.5,1
2021-10-29,10.0,10.0,10.0,10.0,0,0.0,0.0,0.0,0.0,0.0,-1
2021-10-28,10.0,10.0,10.0,10.0,3,0.0,0.0,0.0,0.0,0.0,-1
2021-10-27,10.03,10.03,10.0,10.0,16178,-0.03,0.03,-0.3,0.3,0.01,-1
2021-10-26,9.94,10.0,9.94,10.0,4064,0.06,0.06,0.6,0.6,0.03,1
2021-10-25,9.9,9.9,9.9,9.9,0,0.0,0.0,0.0,0.0,0.0,-1
2021-10-22,9.9,9.9,9.9,9.9,0,0.0,0.0,0.0,0.0,0.0,-1
2021-10-21,9.9,9.9,9.9,9.9,0,0.0,0.0,0.0,0.0,0.0,-1
2021-10-20,9.95,9.95,9.9,9.9,1426,-0.05,0.05,-0.51,0.51,0.02,-1
2021-10-19,9.95,9.95,9.95,9.95,4,0.0,0.0,0.0,0.0,0.0,-1
2021-10-18,9.95,9.95,9.95,9.95,2300,0.0,0.0,0.0,0.0,0.0,-1
2021-10-15,9.95,9.95,9.95,9.95,0,0.0,0.0,0.0,0.0,0.0,-1
2021-10-14,9.95,9.95,9.95,9.95,283,0.0,0.0,0.0,0.0,0.0,-1
2021-10-13,9.92,9.95,9.92,9.95,1009,0.03,0.03,0.3,0.3,0.01,1
2021-10-12,9.88,9.88,9.88,9.88,1541,0.0,0.0,0.0,0.0,0.0,-1
2021-10-11,9.98,9.98,9.98,9.98,1,0.0,0.0,0.0,0.0,0.0,-1
2021-10-08,9.98,9.98,9.98,9.98,0,0.0,0.0,0.0,0.0,0.0,-1
2021-10-07,9.78,9.99,9.78,9.98,5226,0.2,0.21,2.0,2.1,0.11,1
2021-10-06,9.86,9.88,9.86,9.88,1362,0.02,0.02,0.15,0.15,0.01,-1
2021-10-05,9.94,9.94,9.94,9.94,175,0.0,0.0,0.0,0.0,0.0,-1
2021-10-04,9.91,9.94,9.91,9.94,3314,0.03,0.03,0.3,0.3,0.01,1
2021-10-01,9.9,9.91,9.89,9.89,2132,-0.01,0.02,-0.1,0.2,0.01,-1
2021-09-30,9.91,9.91,9.91,9.91,210,0.0,0.0,0.0,0.0,0.0,1
2021-09-29,9.88,9.88,9.88,9.88,594,0.0,0.0,0.0,0.0,0.0,-1
2021-09-28,9.92,9.92,9.92,9.92,1015,0.0,0.0,0.0,0.0,0.0,-1
2021-09-27,9.92,9.92,9.92,9.92,4,0.0,0.0,0.0,0.0,0.0,-1
2021-09-24,9.92,9.92,9.92,9.92,13,0.0,0.0,0.0,0.0,0.0,-1
2021-09-23,9.92,9.92,9.92,9.92,693,0.0,0.0,0.0,0.0,0.0,-1
2021-09-22,9.96,9.96,9.96,9.96,10,0.0,0.0,0.0,0.0,0.0,-1
2021-09-21,9.9,9.96,9.9,9.96,35918,0.06,0.06,0.6,0.6,0.03,1
2021-09-20,9.9,9.9,9.9,9.9,765,0.0,0.0,0.0,0.0,0.0,-1
2021-09-17,10.28,10.28,9.91,9.91,3511,-0.37,0.37,-3.73,3.73,0.18,-1
2021-09-16,9.95,9.95,9.95,9.95,379,0.0,0.0,0.0,0.0,0.0,1
2021-09-15,9.9,9.91,9.9,9.9,2050,0.0,0.01,0.0,0.15,0.01,-1
2021-09-14,9.89,9.92,9.89,9.9,47023,0.01,0.03,0.1,0.33,0.02,1
2021-09-13,9.89,9.89,9.89,9.89,54,0.0,0.0,0.0,0.0,0.0,-1
2021-09-10,9.85,9.89,9.85,9.89,103894,0.04,0.04,0.4,0.4,0.02,1
2021-09-09,9.85,9.85,9.85,9.85,449,0.0,0.0,0.0,0.0,0.0,1
2021-09-08,9.84,9.84,9.84,9.84,232,0.0,0.0,0.0,0.0,0.0,-1
2021-09-07,9.86,9.87,9.84,9.84,37545,-0.02,0.03,-0.2,0.36,0.02,-1
2021-09-03,9.86,9.87,9.86,9.87,746,0.01,0.01,0.08,0.08,0.0,1
2021-09-02,9.95,9.95,9.85,9.85,27455,-0.1,0.1,-1.02,1.02,0.05,-1
2021-09-01,9.93,10.0,9.93,10.0,257936,0.07,0.07,0.7,0.7,0.04,1
2021-08-31,9.88,9.95,9.88,9.95,432222,0.07,0.07,0.7,0.7,0.03,1
2021-08-30,9.87,9.87,9.85,9.86,8373,-0.01,0.02,-0.1,0.2,0.01,-1
2021-08-27,9.89,9.89,9.89,9.89,505,0.0,0.0,0.0,0.0,0.0,-1
2021-08-26,9.9,9.9,9.9,9.9,101,0.0,0.0,0.0,0.0,0.0,1
2021-08-25,9.89,9.89,9.89,9.89,37,0.0,0.0,0.0,0.0,0.0,-1
2021-08-24,9.89,9.91,9.85,9.89,5000,0.0,0.06,0.0,0.58,0.03,-1
2021-08-23,9.9,9.9,9.9,9.9,50860,0.0,0.0,0.0,0.0,0.0,1
2021-08-20,9.9,9.9,9.88,9.88,675,-0.02,0.02,-0.2,0.2,0.01,-1
2021-08-19,9.9,9.92,9.9,9.92,52155,0.02,0.02,0.2,0.2,0.01,-1
2021-08-18,9.9,9.95,9.86,9.92,67828,0.02,0.09,0.2,0.91,0.04,1
2021-08-17,9.9,9.92,9.88,9.9,101711,0.0,0.04,0.0,0.4,0.02,-1
2021-08-16,9.9,9.92,9.86,9.92,147850,0.02,0.06,0.2,0.6,0.03,-1
2021-08-13,9.9,9.95,9.88,9.93,186884,0.03,0.07,0.3,0.7,0.03,1
2021-08-12,9.9,9.92,9.88,9.89,147942,-0.01,0.04,-0.1,0.46,0.02,-1
2021-08-11,9.9,9.91,9.9,9.9,67575,0.0,0.01,0.0,0.1,0.0,-1
2021-08-10,9.9,9.92,9.87,9.9,94213,0.0,0.05,0.0,0.51,0.03,-1
2021-08-09,9.94,9.95,9.9,9.94,35608,0.0,0.05,0.0,0.5,0.02,-1
2021-08-06,9.88,9.95,9.88,9.94,1059268,0.06,0.07,0.6,0.7,0.03,1
2021-08-05,9.88,9.9,9.83,9.89,244433,0.01,0.07,0.1,0.71,0.04,-1
2021-08-04,9.88,9.9,9.88,9.89,341717,0.01,0.02,0.1,0.2,0.01,1
2021-08-03,9.88,9.89,9.86,9.86,180670,-0.02,0.03,-0.2,0.3,0.02,-1
2021-08-02,9.88,9.88,9.85,9.86,53139,-0.02,0.03,-0.2,0.3,0.02,1
2021-07-30,9.85,9.88,9.82,9.84,680103,-0.01,0.06,-0.1,0.61,0.03,1
2021-07-29,9.89,9.9,9.81,9.83,6834879,-0.06,0.09,-0.61,0.92,0.04,-1
